﻿<?xml version="1.0" encoding="utf-8" ?>
<building>
  <rooms>
    <room>
      <id>A</id>
      <top>0</top>
      <left>0</left>
      <width>200</width>
      <height>200</height>
    </room>
    <room>
      <id>B</id>
      <top>200</top>
      <left>0</left>
      <width>200</width>
      <height>200</height>
    </room>
    <room>
      <id>C</id>
      <top>400</top>
      <left>0</left>
      <width>200</width>
      <height>200</height>
    </room>
    <room>
      <id>D</id>
      <top>400</top>
      <left>300</left>
      <width>150</width>
      <height>150</height>
    </room>
    <room>
      <id>E</id>
      <top>400</top>
      <left>450</left>
      <width>150</width>
      <height>150</height>
    </room>
    <room>
      <id>F</id>
      <top>400</top>
      <left>600</left>
      <width>150</width>
      <height>150</height>
    </room>
  </rooms>
  <doors>
    <door>
      <roomid>A</roomid>
      <id>DA1</id>
      <orientation>VerticalRight</orientation>
      <alignment>Center</alignment>
    </door>
    <door>
      <roomid>B</roomid>
      <id>DB1</id>
      <orientation>VerticalRight</orientation>
      <alignment>Center</alignment>
    </door>
    <door>
      <roomid>C</roomid>
      <id>DC1</id>
      <orientation>VerticalRight</orientation>
      <alignment>Center</alignment>
    </door>
    <door>
      <roomid>D</roomid>
      <id>DD1</id>
      <orientation>HorizontalBottom</orientation>
      <alignment>Center</alignment>
    </door>
    <door>
      <roomid>E</roomid>
      <id>DE1</id>
      <orientation>VerticalRight</orientation>
      <alignment>Center</alignment>
    </door>
    <door>
      <roomid>E</roomid>
      <id>DE2</id>
      <orientation>VerticalLeft</orientation>
      <alignment>Center</alignment>
    </door>
    <door>
      <roomid>F</roomid>
      <id>DF1</id>
      <orientation>HorizontalBottom</orientation>
      <alignment>Center</alignment>
    </door>
  </doors>
  <sensors>
    <sensor>
      <roomid>A</roomid>
      <id>SA1</id>
      <orientation>HorizontalBottom</orientation>
      <alignment>Center</alignment>
    </sensor>
    <sensor>
      <roomid>A</roomid>
      <id>SA2</id>
      <orientation>HorizontalTop</orientation>
      <alignment>Center</alignment>
    </sensor>
    <sensor>
      <roomid>A</roomid>
      <id>SA3</id>
      <orientation>VerticalLeft</orientation>
      <alignment>Center</alignment>
    </sensor>
    <sensor>
      <roomid>A</roomid>
      <id>SA4</id>
      <orientation>VerticalRight</orientation>
      <alignment>Center</alignment>
    </sensor>
  </sensors>
</building>